eigenValues,
24.3311,
9.05445,
5.57979,
3.43834,
2.53664,
2.2611,
1.87889,
1.38048,
1.22271,
0.882652,
0.821824,
0.685417,
0.595074,
0.538261,
0.492822,
0.420456,
0.38126,
0.352533,
0.322512,
0.299351,
0.291448,
0.281784,
0.257705,
0.255008,
0.239403,
0.227874,
0.214588,
0.203069,
0.199118,
0.187283,
0.162054,
0.146997,
0.142466,
0.128654,
0.112379,
0.103917,
0.0962407,
0.0933382,
0.0865889,
0.078462,
0.0780875,
0.0716348,
0.0683143,
0.0681283,
0.067485,
0.0648508,
