eigenValues,
4.924,
3.71376,
2.10515,
1.91597,
1.75689,
1.39074,
1.3603,
0.980399,
0.805609,
0.760731,
0.598669,
0.514366,
0.487886,
0.440702,
0.377662,
0.319709,
0.275135,
0.272161,
0.226915,
0.210483,
0.196592,
0.174227,
0.152348,
0.143037,
0.122959,
0.106687,
0.0952027,
0.0950926,
0.0701937,
0.0694712,
0.0624342,
0.0536442,
0.0488421,
0.0437842,
0.0418433,
0.0395382,
0.0374914,
0.0338892,
0.0284937,
0.0265175,
0.0239401,
0.0226816,
0.0193841,
0.0172447,
0.0155921,
0.0131387,
