eigenValues,
0.0131173,
0.0155652,
0.0172498,
0.0193922,
0.0226127,
0.023972,
0.0264825,
0.0285346,
0.0338343,
0.0373616,
0.0395199,
0.0418522,
0.0438631,
0.0488755,
0.0536031,
0.0622906,
0.0694354,
0.0703028,
0.0941135,
0.0959554,
0.106736,
0.123022,
0.142714,
0.152458,
0.174086,
0.196088,
0.210813,
0.226953,
0.269923,
0.277357,
0.319415,
0.377527,
0.439465,
0.488077,
0.514943,
0.598315,
0.757355,
0.808095,
0.981068,
1.35049,
1.39779,
1.75736,
1.91321,
2.10777,
3.71006,
4.92738,
