eigenValues,
24.3344,
9.22438,
5.52204,
3.58551,
2.55655,
2.28172,
1.90103,
1.50898,
1.22627,
0.911653,
0.818447,
0.693475,
0.598532,
0.540986,
0.500526,
0.418477,
0.385563,
0.350139,
0.323154,
0.295618,
0.291721,
0.283307,
0.2556,
0.255427,
0.236537,
0.226763,
0.212601,
0.199697,
0.196529,
0.185334,
0.160152,
0.145704,
0.141549,
0.127763,
0.111186,
0.102773,
0.0954368,
0.0923105,
0.0853268,
0.0774102,
0.0770338,
0.0709272,
0.0672853,
0.0672229,
0.0665448,
0.0642686,
