eigenValues,
1.00006,
2.00019,
2.99985,
